id,full_name,email,hashed_password,is_active
1,marek marecki,user@example.com,stringnotreallyhashed,1
2,Jemima Garza,mollis@quama.edu,24E758DB-F2E0-88A7-DB0C-A3454FB223CC,1
3,Kiona Cherry,in.magna@purusin.edu,B572D906-02B4-C643-04E8-BD9E3CD4F5EC,1
4,Dahlia Humphrey,lorem@Morbiquis.ca,913816EA-99D0-0BC2-A72E-7494810E6269,1
5,Xaviera Cole,rutrum@mollisPhasellus.edu,1594AA0F-1B15-E986-46AA-F0890A7610C1,1
6,Rashad Buckley,feugiat.metus@vitaesodalesat.edu,0B7CA510-3B54-4BA3-71E3-06F831074FA9,1
7,Darrel Pitts,eu.tellus.eu@fringilla.com,8751A90D-74D5-7AAD-189C-4C04B0E683A0,1
8,Axel Mcconnell,Quisque.fringilla@ligula.edu,8E22FF6D-58DC-11F5-0A3C-0B78EF8AB089,1
9,Blair Carver,enim.condimentum.eget@penatibusetmagnis.co.uk,E6A408F2-A165-AE86-BCF2-53A5649E5553,1
10,Quon Noble,erat@Aliquamultrices.org,31E29B0C-62F2-EF6B-D749-2E2F4D6A48AA,1
11,Nathan Wiggins,eget@egetvenenatisa.edu,57DD62F8-273D-6294-43C1-3510C0AE7CD7,1
12,Stuart Cooley,molestie@Fuscefermentum.co.uk,DEC68638-4699-CCF7-9DA0-EEC8B59F6328,1
13,Avram Bond,Mauris@arcuVestibulumante.co.uk,1631888F-9D54-3F7B-8D09-A2D578FE3537,1
14,Holmes Chaney,quam@lectusconvallis.edu,05D9F1D6-79B9-64AF-0D63-70C37BC51142,1
15,Illiana Clemons,Nunc.quis.arcu@tellus.edu,57ECDD0C-135C-5AEE-57A1-C44085C9B0CB,1
16,Anika Cline,cursus@dictum.net,5511EA98-E4B3-CA82-58F9-29D48405D60A,1
17,Damon Mcneil,amet.ante.Vivamus@Vestibulumante.co.uk,9B846C46-15F2-A31E-B09E-41EE19D8095E,1
18,Amber Holmes,nec.ante.Maecenas@in.net,0E9B5AE2-01D6-A7E4-1FF2-B3BF6A71D6B0,1
19,Quinn Morrison,turpis.Aliquam@ullamcorpereueuismod.edu,311A7BB9-22BB-A364-475B-190B184190D7,1
20,Maggy Richmond,eu.eros@parturient.com,87094BD9-38AD-152D-78AC-ABDAEB5000F1,1
21,Camden Peters,sed.hendrerit@elitCurabitursed.ca,9BA91E63-B085-1CF2-33B4-1D3F320FAF19,1
22,Elvis Livingston,Curae.Donec@Suspendissealiquetsem.co.uk,8E638F82-C8F9-953F-0BFA-601F5C72957D,1
23,Aiko Atkins,sit.amet@natoquepenatibus.com,4449653B-7C23-B8C6-6F3B-9F96F912B80A,1
24,Darius Park,orci.luctus.et@eunibh.co.uk,A061DD87-F7EB-61F8-3E50-D21C930B1E66,1
25,Austin Flowers,in.faucibus.orci@utodio.co.uk,63809F9A-1D3A-D27D-627E-953FEA497A1E,1
26,Chastity Griffin,turpis@rutrumeuultrices.net,B33BBE8A-79D1-DBF9-D2F8-2CBA5B816550,1
27,Duncan Fowler,metus.In.lorem@eratneque.edu,15D408B3-6081-A4E3-14AB-78FFBF20856D,1
28,Troy Washington,eu.sem@vulputate.co.uk,95C93021-DD2B-9233-0942-AC62AEE2D3D2,1
29,Fatima Mckee,in.faucibus@IntegermollisInteger.net,AEA0FCE6-27E7-0B8E-40A9-E9E7A0EC0F40,1
30,Christopher Flores,gravida.Aliquam.tincidunt@eu.edu,9BA766AD-56BB-9B1C-A768-1893E50A58A6,1
31,Harriet Peterson,sem.eget@liberoDonec.ca,E5200E3F-B9A2-625F-E660-D41206163EEA,1
32,Lavinia Monroe,viverra@orciquis.com,3ABED151-60C2-C924-29C7-DA820A15293B,1
33,Justin Burnett,aliquam.enim@Donecporttitortellus.org,59C261F9-87DD-E731-9D05-E057AAA141C4,1
34,Buckminster Gaines,urna.nec@sollicitudincommodo.ca,0BC09898-5210-BD13-8F8E-A1C0E8105644,1
35,Frances Wise,consequat.lectus.sit@temporeratneque.org,FEF2CD00-1875-41D3-4F2E-BC2AFC46F983,1
36,Hu Blevins,Etiam.imperdiet.dictum@Pellentesquetincidunttempus.co.uk,79FD615D-4BF2-9E96-4017-138CED46C62C,1
37,Honorato Rowland,sit@arcu.co.uk,1BE48460-AB4D-10AC-815B-9F3D797254CD,1
38,Kenneth Mcdonald,nibh.Donec@luctuslobortisClass.edu,4B927CA4-7703-F7FD-5395-DE1ADC49BB61,1
39,Melanie Robinson,ultricies@dapibusid.org,DDBBD8F6-854A-2492-DB6B-EA9A7E6C211A,1
40,Illiana Berger,eros.turpis.non@at.net,2A189D2C-24A9-6917-F609-FC7823C782DB,1
41,Fredericka Lynch,elit@Sed.co.uk,1789D7DC-06D8-9177-A913-3D1610F0FF4B,1
42,Yeo Caldwell,eu.placerat.eget@In.edu,0C43D7F5-E69E-1C52-56A5-098755ACB8FF,1
43,Stephen Weaver,consectetuer@Quisqueimperdiet.org,49875A29-872E-96D5-D21B-A8A933376613,1
44,Desirae Molina,Quisque@non.edu,EA54DB2E-379D-9E4B-877B-4441BC43CE0B,1
45,Russell Tillman,magna.Ut.tincidunt@odioEtiamligula.edu,5920ACE0-1EAE-34F2-53B5-5ACF095AFADA,1
46,Lewis Prince,luctus.aliquet.odio@luctus.edu,6434BA37-6AE6-CFD8-069D-F44D9B927C5A,1
47,Gil Salas,dolor@urna.net,BE0B144B-A228-00A3-E2AA-1BF1EF680D88,1
48,Sybill Pollard,mauris.sagittis.placerat@nonlobortisquis.net,A824B607-2CD7-5DED-5932-313BB1E9E9AE,1
49,Moses Lawrence,accumsan.interdum.libero@Sedet.net,A1BE81C4-0513-EE8A-0EDE-404A1F7ABE14,1
50,Martin Fulton,augue.eu@gravidasagittisDuis.org,661A1E90-9B9F-C1AE-A9A4-71B28E0CDEFD,1
51,Teegan Andrews,quam.quis@eulacus.com,222414DE-D2E2-3373-50A5-C37BBF3DC88C,1
52,Chandler Wyatt,consectetuer.cursus.et@milorem.edu,1B051764-74BD-A4C3-8322-08C621219FDE,1
53,Nathaniel Watts,ac.facilisis@molestie.edu,51872958-F641-17FC-A076-E55A738B5B99,1
54,Dexter Sanchez,magna@tincidunt.net,BDC6BDED-4935-5C15-D74C-938F2AF1D765,1
55,Vanna Simpson,aliquet.nec@vehicula.ca,E21CDA6D-8BF7-6ECE-FFA8-452EA8447C5B,1
56,Erin Webster,eget.metus@arcu.ca,E20C54C6-A12A-2E3C-1E59-B68BEDBB14B3,1
57,Elmo Frank,Duis@InloremDonec.net,82DAA4A8-051F-9B0A-9FE2-33B14833A9AD,1
58,Thaddeus Nunez,non.dui@vel.edu,FD23A289-882E-BC5C-F147-A9EA5F8CB17E,1
59,Aubrey Mccarty,magna.sed@egestasnunc.co.uk,1D8A188A-D580-ED74-D0EE-7772D87297F2,1
60,Lois Dennis,facilisis.facilisis.magna@infelisNulla.ca,5AC7B4C8-94C8-3D0D-2954-71B57590D1C7,1
61,Ulla Cannon,nec.tempus@egetmetus.com,AB3E8C4B-5F55-8BC9-8A7C-FDF12D0D9AD0,1
62,Nicole Rosa,dolor@sagittis.org,6A264886-7EDE-14C9-B74A-8102EF4891E4,1
63,Georgia Ramirez,Cras@feugiatnec.edu,7CBC2ED6-84AA-50E4-783A-A4E84906DC58,1
64,Len Solis,elementum.sem@convallisest.org,96E55C4F-00D3-144A-3C07-E90E15BB09E0,1
65,Audra Herman,vitae@sollicitudinadipiscing.edu,1B3C8D14-2484-7E30-E753-C4C5BFA3B6D0,1
66,Casey Gaines,nostra@tellus.ca,0114BFD8-61E0-6D12-C547-BC23181C3431,1
67,Briar Davidson,ut.eros.non@interdumlibero.ca,8E81E05D-2DED-3B2C-884B-596FEA1F8D30,1
68,Darrel Calderon,et.eros.Proin@arcueu.ca,CB191DB6-3E90-A19D-8C05-6D9E20236000,1
69,Hedley Franks,nisi.sem.semper@et.edu,4C8354E9-594F-0910-F7E5-AF69E96C9419,1
70,Solomon Joseph,Sed.eget.lacus@Cras.edu,7FF5F306-6FE5-E7E7-8F0F-6D5DD3F0371C,1
71,Abbot Murphy,tortor.Nunc@egetmagna.com,6728AE0A-7705-5ECF-472D-8BB6A8E659A4,1
72,Karly Blair,blandit.congue.In@Craseget.net,1DC08F6F-4FE1-91A6-3049-9D7728F0E8D4,1
73,Nathan Davis,molestie@interdumCurabiturdictum.edu,8C773D90-B5E6-6A57-F7E7-40935A451357,1
74,Ainsley Burke,Integer.in.magna@sitametmetus.co.uk,5E561D2A-82C4-ACC6-2F5B-F6DC969DB8CB,1
75,Priscilla Madden,ipsum.ac@fermentummetusAenean.co.uk,4CF20DA6-44F7-ACC7-FC2D-9C481478B284,1
76,Maryam Nieves,vitae@Donec.ca,3B7B44AC-18CF-F30F-5E02-6AB62945B978,1
77,Joel Mccray,ipsum.Phasellus@rutrumurnanec.edu,37180A41-A497-D1C7-14A6-DA6F8CB4F904,1
78,Marah Gill,metus.sit@interdumliberodui.org,05522093-869C-2295-F623-9A595CF4D9AD,1
79,Ian Johns,Vivamus.nisi.Mauris@ac.net,CBB37523-D4EF-9913-015B-55EB5D476ABC,1
80,Daria Bryant,vulputate.eu@in.ca,34CC1EFC-755C-F5F1-0A60-683DA4405077,1
81,Maisie Ramsey,odio@imperdieteratnonummy.net,AED0A6C1-1743-4B57-51E1-E1EA708894E0,1
82,Gil Reyes,eros.turpis@Nuncsedorci.co.uk,D172B4F1-5E73-0321-3C3D-AB83100704EE,1
83,Palmer Galloway,nulla.ante@a.ca,AA8AFB8C-5C58-3481-9872-BB9F90000014,1
84,Melodie Todd,posuere.enim.nisl@interdum.edu,556E3C00-A6BB-0212-BE64-710F797FFB77,1
85,MacKensie Shaffer,mollis.lectus@adipiscingfringillaporttitor.org,8F1BE8DB-9AA2-D67A-29EC-8C2BB3E97AD0,1
86,Brendan Phelps,Suspendisse.commodo@miDuisrisus.co.uk,28CD0B65-6765-03C2-E03E-BEF718C4AB80,1
87,Buckminster Hines,eu.odio.Phasellus@NuncmaurisMorbi.ca,E46767D0-A620-8D43-CD25-8451449F8EEA,1
88,Fuller Franklin,molestie.Sed@purusin.co.uk,958885FA-CDF7-24ED-C72B-62DC3F05456E,1
89,Ivory Roach,ut.molestie.in@etcommodo.org,7FA56DE5-1C45-2E9D-1FB3-EF382679FFCB,1
90,Sonia Jacobson,et.ultrices@maurisInteger.com,EF994F40-EFCE-9690-0FCA-33B28573BA4A,1
91,Miriam Owens,rhoncus.Donec@ornaretortor.ca,46DB423F-822A-978C-D6D6-771427119AAA,1
92,Ebony Mcknight,mi.Aliquam@Nuncsollicitudincommodo.com,D02F07EC-CA4A-64C3-C1CB-B1D88566CBD7,1
93,Myles Faulkner,id.blandit@aliquamarcuAliquam.edu,A4F06CBC-0D62-1EC8-CBD5-BB61A4B3A224,1
94,Odette Fitzpatrick,Cum.sociis.natoque@maurisaliquameu.edu,EE7C83DD-A3D5-5BE8-8B13-FFB6F6782897,1
95,Aidan Middleton,diam.nunc.ullamcorper@nullavulputate.co.uk,D955B5D8-0736-81B4-EF8C-716986D1E9A4,1
96,Zia Butler,a.scelerisque@orciquislectus.ca,BFAB6EF3-1396-08D0-449A-8CAD5582391B,1
97,Brenden Gamble,tempor.bibendum@Crasinterdum.org,9BD83E42-9862-B5CF-3FB2-E80C7D3886D1,1
98,Ginger Randolph,quis.diam@dictum.org,5EBDAA78-F453-A208-C35C-4B9210D814CA,1
99,Maia Herrera,scelerisque.mollis@magnaatortor.co.uk,A40E49CD-5167-0B61-C61A-5BA64AB2979D,1
100,Tad Barr,tristique.ac.eleifend@ac.co.uk,21310570-89C0-1A5F-DE2B-C1F90A1DAF96,1
101,Aristotle Pena,Duis.ac@amet.ca,EA3997D6-A85E-AEFF-2AB6-A23591E4A0F0,1
102,Imogene Hinton,mattis@arcu.net,D155C02E-7AA5-A683-BB29-B9308FDEDD38,1
103,Azalia Flores,at@auguescelerisquemollis.edu,FA4A2487-E7EE-2A5D-5BE2-6C59E2D17B10,1
104,Aaron Bailey,vel@Fuscealiquamenim.co.uk,85BDFE77-4E85-3AF0-BFF1-A8118B8C54B3,1
105,Victor Webster,orci.Ut.sagittis@magnamalesuada.co.uk,F5EFCB7B-0FB0-99D2-FEF0-554263342036,1
106,Hector Gillespie,cursus@eratEtiamvestibulum.com,21B17D6A-AFC0-E88C-006C-4EA5F9A08FDA,1
107,Lillith Schroeder,auctor.velit.Aliquam@eratin.com,6D97951B-D76D-614F-0F47-C365D4811575,1
108,Chandler Knight,velit.Quisque.varius@ullamcorper.co.uk,D56B6546-0692-82AA-AB7C-59D6475123BA,1
109,Garrett Bowen,adipiscing@atlacus.ca,C3547553-D11E-23D7-1E89-6EC7B0563807,1
110,Charissa Clemons,amet@metusIn.ca,6640F987-D7DB-4FA2-0D66-6EAD545CED62,1
111,Aspen Whitaker,sem.Nulla.interdum@Pellentesque.edu,1F433AC5-6B16-DC43-2179-F0CC93076044,1
112,Hayden Morton,sit@scelerisquenequesed.net,0E783F3F-C414-EA30-43E0-0E0FB207B8C4,1
113,Chadwick Blackwell,dictum.Proin@Nulla.edu,E68523C0-F12C-D5DE-A2DE-E8A2CD254D21,1
114,Shoshana Brock,ultrices@ultricies.com,C9010342-BFFF-3373-DA4D-FC57BD5C5CD3,1
115,Winifred Landry,gravida.non@infaucibus.edu,ADB1AB0D-314B-6E2E-1F3A-8DED7A3DA599,1
116,Beatrice Garcia,mi@eratsemper.co.uk,223BB9B3-6D85-0E64-FAD6-B46D5B45BA05,1
117,Mark Mueller,vel@Donec.edu,34222BFF-0568-97B0-5765-A7E4B051C5B9,1
118,Judith Whitley,nulla.Integer.vulputate@parturientmontesnascetur.co.uk,4322FD44-6C22-A70D-9CC1-92C82F04796E,1
119,Keiko Hinton,mattis.ornare.lectus@ligula.edu,6EE1DE2E-3C4B-DCCF-25A0-49D86423B13D,1
120,Fallon Gardner,erat.eget@laoreetliberoet.co.uk,500D2306-9CB0-AD63-3FB1-054F3798C135,1
121,Laurel Bass,sociis.natoque@egestasligulaNullam.com,A45C0199-61DA-E7E1-3EFC-21FC35CF7794,1
122,Maris Booker,interdum.ligula.eu@nibhPhasellus.org,A3BAF809-7D03-F345-E643-2057B798B362,1
123,Baxter Wong,quis.arcu@necmalesuada.edu,1F5BDFB9-0311-6F9D-895F-23509F9CAB24,1
124,Barbara Walker,ridiculus@tellusimperdietnon.ca,3BDC037D-4D83-B062-F1D6-FBD9B28C1740,1
125,Walter Beasley,fringilla.porttitor@duiinsodales.edu,050F29BE-4260-29B9-8170-4D92FF85DBB6,1
126,Joel Tanner,orci.lobortis@Morbi.edu,D8E4B5CC-9E1D-79B3-2E74-DC0D72C0D65A,1
127,Doris Hudson,dolor.quam.elementum@eratvitae.net,0B331F3E-56CE-A0F7-5CAE-CC2107F121BF,1
128,Shelly Mccoy,quam.elementum@sagittisfelisDonec.net,67D61724-DD63-7F07-3232-166C38B5239D,1
129,Fiona Miller,tempus.scelerisque@adipiscingMaurismolestie.edu,7DEEBB23-66CF-185C-3271-CAF84E4DDFD7,1
130,Kasimir Sheppard,Sed.eu.nibh@tellussem.org,9377EB3C-8DF3-8199-EEC1-DF366A0771A7,1
131,Keegan Beasley,egestas.Sed.pharetra@turpisvitae.org,D4953001-4284-880A-8493-A74E16400CBB,1
132,Nissim Flores,id.erat@liberoInteger.ca,379C4C8C-53E6-00BF-6112-D760D014C4D0,1
133,Remedios Norton,Morbi@aliquet.co.uk,D3F06B52-441F-BFE8-7926-6A48AA4F5EFB,1
134,Heather Hicks,sed.orci.lobortis@diamloremauctor.com,4607E777-6C5A-67CB-D37B-D18593128C5E,1
135,Orla Odonnell,Sed.nec.metus@Vivamus.edu,B148D54A-9E84-38DB-5EA0-11FA42441A11,1
136,Hedley Chapman,fermentum.vel.mauris@elit.co.uk,BA4B5028-6F54-C285-4E0C-285690EBE404,1
137,Alea Glenn,Nam@parturientmontesnascetur.ca,A370AAE2-6E34-6121-9D4D-7DA503DA6E20,1
138,Davis Carr,elementum.purus@Aeneaneget.org,CA0E3A4B-D1FF-D4C6-8EF5-81AEAF32FD67,1
139,Leilani Durham,taciti.sociosqu@dolorFusce.co.uk,9243AA72-98BE-8556-C524-75EFF3BCE309,1
140,Regan Howard,ipsum@maurisrhoncusid.ca,823B05AD-5189-01A6-4F96-940D2DFD14E6,1
141,Judith English,sem@molestie.edu,2CCDAC0D-B5BD-5DE9-BB0A-A607F7826646,1
142,Deirdre Parks,nascetur@bibendumDonec.org,45CA6B5F-CD93-EC86-9C04-672523799463,1
143,Shaine Tucker,eu.arcu.Morbi@hendrerit.org,8D7E89B0-00AC-55E6-DA53-C2098FE0E6D3,1
144,Chancellor Zamora,elementum.purus@ridiculus.edu,23AF6A99-F350-12CA-ABE0-78ACB6A0A938,1
145,Daryl Bentley,neque.sed@erat.edu,FB2400D3-D0D6-5D92-D0AF-3670B26618E9,1
146,Martina Delaney,sollicitudin@blanditatnisi.co.uk,341D37E0-BA0C-2098-BED0-1E23BEF7B3AA,1
147,Jin Cook,libero.nec@convalliserat.com,5CA693C4-646E-8F9F-69EF-3F0D14AE8B36,1
148,Gannon Rollins,Nam.interdum@Aliquam.ca,DFBE7CA0-CE34-1E7F-4579-EAB254DE1E42,1
149,Mufutau Sosa,nec.metus.facilisis@inmolestietortor.com,14B5FF00-A0CA-CBBC-12B9-2000B92D7C97,1
150,Chanda Camacho,magna.Ut.tincidunt@Integer.com,80467903-2894-ECD4-0F82-DD2A12DFA25E,1
151,Deacon Shields,mi.fringilla@nonummyFusce.org,FB502BBD-7894-346E-BD50-190A2839D561,1
152,Avram Burgess,massa.rutrum.magna@diamDuismi.ca,0FAA4505-233C-26A7-2510-9F5D9A578673,1
153,Gavin Alford,Cras.interdum@CurabiturdictumPhasellus.org,4F015F0B-218C-1A69-6678-5B2FFC7C6665,1
154,Hedwig Phillips,ante@tellus.ca,A20461A9-58FA-4ACF-9E3A-A433778277CA,1
155,Ila Parsons,gravida.sagittis@quis.org,A0A7F3CC-C847-4993-25B9-34DC0970F129,1
156,Hu Russell,risus@magnaSuspendisse.net,B6B68219-38C1-6C3C-7A44-B6603A5BA0FB,1
157,Pandora Hood,pretium@magnaaneque.org,4408D165-2886-921E-02C7-29B71C9A1095,1
158,Destiny Woodward,ligula@gravidasitamet.com,354FBD35-2705-6BBC-D492-4B9E0CB12395,1
159,Devin Foley,ut@commodoipsum.ca,1E012C66-77D6-EBDB-46F0-08AC88FCA8A8,1
160,Lara Vasquez,nibh.Phasellus.nulla@diamat.com,949A001D-DFED-169B-E996-2F3B96DBD608,1
161,Madeson Hurst,non@primisinfaucibus.edu,0E47E299-702F-6A84-2463-2D17C837555F,1
162,Idola Pruitt,elit.pretium.et@sagittislobortis.com,000BEA8A-546B-5418-51A7-F14A082D9E22,1
163,Cheyenne Gilbert,Duis.ac.arcu@aptent.org,46C867F9-781F-2119-6AC4-66F1F8CE3B68,1
164,Jared Rush,taciti.sociosqu.ad@dignissimpharetraNam.edu,93887E78-25E8-4AA7-E309-1C97C9074E95,1
165,Yuli Stanton,auctor.vitae@Utsagittis.edu,D0499C42-D9CA-AD35-2362-0A48A01E4FBC,1
166,Noelle Cruz,In.lorem@rhoncus.com,BAFA99EF-BA9F-CFD2-5157-0CC60727EC86,1
167,Wade Richard,Morbi@idantedictum.co.uk,65EAA758-BF1B-917A-C677-A97EC1DB2803,1
168,Eric Eaton,scelerisque.neque@sitamet.net,80C29398-FA7B-C283-1993-7441ECCB5986,1
169,Jordan Carlson,tempus.scelerisque.lorem@Nuncsollicitudincommodo.co.uk,F4BE2D15-6F93-C358-0EEA-CD8F5D5B77CF,1
170,Joseph Hines,lacus.Cras@actellus.ca,6428C888-60F4-0D8B-F6DF-D4830A381CE7,1
171,Ila Mccarthy,et.netus@quamelementumat.co.uk,BAFD22CE-60DE-825E-B3CC-F5F2E369B00F,1
172,Blaine Gonzalez,neque.sed.dictum@tristique.net,F3E65AD7-A0A2-A147-B371-B0870F3A999C,1
173,Keaton Lancaster,ornare@ornare.com,62EB8B6A-2088-2F1C-7680-A9537CAE460E,1
174,Olga Pittman,libero.Proin@sit.co.uk,17C00224-B1A1-6A64-29EB-1D7E41A3D2AE,1
175,Arthur Noel,nunc@Proin.ca,F79E097D-E9A3-FD9E-5CF4-179E0F125D34,1
176,Marvin Boyer,Duis.mi.enim@aliquet.com,D3318456-28C0-ADEA-84DC-05EAD7895D28,1
177,Melissa Blanchard,massa.Suspendisse@euismodmauriseu.net,872D140E-8E8C-DEA4-EE4F-0129A526E984,1
178,Ignacia Anthony,facilisis@at.com,40F5E15B-297E-7829-C887-A614FD3E1AE6,1
179,Jelani Tucker,Vivamus.rhoncus.Donec@convallisin.net,E599ACF4-F814-A115-0460-91BDAA90CE85,1
180,Dorian Robbins,fermentum.metus.Aenean@Morbi.edu,2BA6658B-CF9F-97E3-FFC6-786277218FDB,1
181,Anthony Munoz,a.malesuada.id@ipsumnon.ca,AE5D1E95-4D96-A5F3-640D-BBB4E5FB85F9,1
182,Mason Downs,Cum.sociis@afelis.com,8694A582-701C-9043-CE2E-7EFB18AA4E34,1
183,Zena Willis,magna.Duis.dignissim@vestibulum.ca,BCFFD839-B65A-E121-6A61-F1C61BB46AD9,1
184,George Caldwell,Sed.neque@Sed.org,3E83AC58-F891-D8D9-D9F8-00DA416615CC,1
185,Amelia Pena,arcu.Vestibulum@Etiamvestibulum.co.uk,371C4DAD-F829-F02E-B7EB-05D3E4262C5B,1
186,Dai Castaneda,dapibus.id@Maurisquis.org,9A7ED0C1-3F5C-DC09-498A-60A04DE019BB,1
187,Irma Bradshaw,ut@purusNullam.com,F4EA78EA-09ED-49A2-4026-0B8D31F0D978,1
188,Lucas Sawyer,fermentum.convallis@nulla.org,CA638094-A13C-0D1A-5F99-16E512D7CEC6,1
189,Tallulah Sanchez,lorem@eratin.ca,E3E49980-2D53-6E99-88CB-353F7B37C704,1
190,Christine Ashley,dictum.Proin.eget@est.com,F8ECD196-F588-359E-7ACA-8E52F3AD4AE1,1
191,Akeem Clements,faucibus@varius.com,CBC00624-FAC8-D733-94C6-E8F39A421351,1
192,Beau Lucas,ac.mattis@Nulla.ca,B7F716B8-0850-5C3E-B81B-0EADFAEF6AC9,1
193,Jarrod Navarro,at.nisi@mauris.net,4877AB2D-CFB4-97A5-59A4-BEDB95661485,1
194,Lesley Oneil,accumsan@molestiearcu.ca,F3A32F68-9400-563E-6C76-E63543C28C54,1
195,Lillian Carver,risus.Donec@maurisipsumporta.edu,65B93DD3-8D0F-3ED3-1254-E162FC7191AA,1
196,Clark Adams,odio@ettristiquepellentesque.edu,0DAA726B-4DEB-F8C9-E93C-0AE2E500379F,1
197,Kermit Price,interdum.feugiat@liberomaurisaliquam.co.uk,B2B3C08A-CAF8-E472-27C9-F213F8509C2B,1
198,Jason Sosa,Nunc@ProinmiAliquam.co.uk,9C79A4A1-59EF-B884-7D87-207239052BE6,1
199,May Berg,hendrerit.neque@urna.net,083A833B-E3D0-5BDF-C823-862E85E9545A,1
200,Sydney Kemp,dictum.eu@a.co.uk,6C4FFAC2-42D4-80B7-DEEA-BE3ED99DFB41,1
201,Delilah Morrison,orci.adipiscing@Duis.org,2DEED4BC-7EB9-B945-66A7-3220D38F3DC8,1
202,Martina Stanton,et.arcu.imperdiet@placerat.org,19022896-7364-855F-1029-4A2FD2A6F465,1
203,Pearl Blevins,et@etultrices.net,E4E27275-6D0C-A612-A18F-45ADC7B6378A,1
204,Dane Riggs,lorem.fringilla.ornare@enimdiamvel.com,B2E946DB-DC06-8D5A-738E-7F8B48AA72CC,1
205,Katelyn Mcneil,feugiat.Sed.nec@at.org,B6740B6B-7F31-9062-B5FE-ADEBCCB1CEE5,1
206,Wade Wiley,Aenean.eget@quismassa.com,FC50C90E-347C-B835-1DF6-EEA919452A76,1
207,Callum Browning,arcu.Aliquam.ultrices@utquamvel.co.uk,9E3D7D89-7FF3-3360-A0F0-474FE9823DCE,1
208,Bevis Ryan,vestibulum.neque@egetnisi.org,14ACC8DF-FD32-C4D2-88C2-2A9A5D7B352D,1
209,Lionel Atkins,vel.nisl.Quisque@nonbibendum.org,48607D99-738F-19AE-1246-F00972B4B7E8,1
210,Jared Juarez,accumsan@congueelit.ca,BB3B31D7-6FDB-62F4-6D21-D0ABA1705FE5,1
211,Hamish Gaines,metus@metuseu.ca,B094247B-BA96-1AA0-6193-145108248537,1
212,Yoko Fuller,pede.nonummy@Pellentesque.com,407E54CE-FCAF-6605-C8B7-5D0862BD7559,1
213,Charity Maynard,sapien.imperdiet.ornare@ornarelectus.co.uk,EEC49EF3-C398-FAAE-8054-2E8CAB5943A3,1
214,Lenore Cooley,felis@Duis.org,C866BE74-A582-35D5-F421-8F99D77C5143,1
215,Liberty Gonzales,vel@vitaesemper.ca,E83786F1-9704-9570-77B4-736C02495AE2,1
216,Geoffrey Terry,sed@Phasellusdapibus.com,AADEC589-4E5C-771F-ED55-E1E497654DB7,1
217,Ignacia Nichols,dolor.quam.elementum@semegestasblandit.org,B74EFB9E-EC0A-D159-74B6-A59641303744,1
218,Flynn Stokes,Integer@Proinnislsem.com,C713CC9C-2DA6-AD60-5306-E404C41A929A,1
219,Tanek Randall,lobortis@variuset.org,74F23F17-2B83-4466-689C-5597080A4EBE,1
220,Elizabeth Sherman,tristique.neque@Nuncquisarcu.com,9CDF4820-FE3F-1484-D336-361C99C4875B,1
221,Barrett Martinez,Pellentesque@luctuset.net,913C504D-43B4-FE94-BA21-32CCFC09BBB5,1
222,Medge Munoz,ipsum@ipsumprimisin.net,143C6514-5D56-6365-C410-4A72C619B55E,1
223,Harriet Beck,vitae@iaculisnec.com,D9060EDC-9F42-739F-E21F-673BE388D885,1
224,Cherokee Mueller,mauris.Integer.sem@Aliquam.edu,027C05B6-0CEE-519E-5B35-0321F67B64CC,1
225,Angela Cooper,est.arcu.ac@vulputatelacus.ca,CDEB0797-D8C4-55E8-318B-5F6BF6482C77,1
226,Harding Reynolds,magna.Nam@dolortempus.ca,7272377A-C594-4DCB-C090-B191294A02DA,1
227,Wilma Christensen,ut.molestie@faucibus.edu,2138E87D-B4E0-F8E1-152E-84D0656313EE,1
228,Ferdinand Frazier,ante.Nunc.mauris@vulputate.com,74ADAD69-8C05-86E4-305D-DB15F6BC1917,1
229,Harding Petty,aliquet@Donectempuslorem.co.uk,48FD08B3-8F44-D53C-9818-827AB664613C,1
230,Porter Hopper,Donec.consectetuer@arcu.ca,3C4C76CF-86C9-A702-BA7B-7A046F551C34,1
231,Yetta Michael,dui.semper.et@varius.co.uk,FEF9E16A-A64B-20BE-340E-CB03A61DFF5B,1
232,Yetta Nguyen,aliquet@morbitristique.com,8D111538-8197-9F72-0802-19FD8FE38F63,1
233,Bruno Roman,at@Quisque.org,6F123093-504F-E6BB-DA45-07BFD6ECB760,1
234,Blossom Casey,lacinia.Sed.congue@Donecestmauris.co.uk,EF3A96D0-6724-D896-B01F-0EF11E28BA53,1
235,Caldwell Pratt,vestibulum.nec@mauris.com,BE034DBF-3AB7-8460-ECF4-15E47555E6EA,1
236,Luke Reeves,consectetuer.adipiscing@neque.net,50C3BFB9-3900-10D2-8223-F6DAD27F487C,1
237,Dylan Allison,habitant@ametconsectetuer.ca,6886A7E2-8460-DA97-8550-AD8E09B5E8B9,1
238,Desirae Strickland,ullamcorper.nisl@nislsemconsequat.ca,AB572BD8-E11A-0660-766D-D8442FCD62C3,1
239,Colleen Spears,pede.ac@afeugiat.org,5FB6670A-FDDB-FC28-2466-CB111D566CF8,1
240,Abigail Wells,luctus.et@rutrumjusto.net,669CEF0F-FF28-CF6A-A077-28AFFF172302,1
241,Owen Byers,dui@Sed.com,819A71D7-C577-DFF3-14C2-B17EF52DAFC2,1
242,Inez Adkins,tristique.senectus.et@antedictumcursus.net,93DAED54-251D-5CA3-4B60-A1231CDCC792,1
243,Illana Strong,ligula@nequesedsem.org,3B37A803-6A47-4FB9-14B6-48074758EAC6,1
244,Maris Lowe,nisl@velturpis.co.uk,C9628272-CEE6-972E-3F40-CFE2ECDB7322,1
245,Dorian Andrews,Sed.molestie.Sed@at.ca,E0F9FC08-601F-7A80-87AF-3B101D92AD8E,1
246,Hector Murray,ipsum.primis.in@vitaeerat.ca,2FDACA26-6A47-B27F-815E-603A1090C185,1
247,Gail Chandler,Vestibulum.ante.ipsum@dui.org,E5D76113-3D47-2028-A4AF-47D75160E834,1
248,Judah Norman,Cras@dignissimmagnaa.edu,A4E43CAE-7858-1D4D-A525-699DC92B07D9,1
249,Yasir Hawkins,facilisis.vitae.orci@fermentumvelmauris.org,0F5579AD-F197-85A4-9D28-093F2914AB41,1
250,Allegra Cooley,tempus@sedturpisnec.org,4391B3CC-9830-FE5C-9FBA-E32CBC666AC6,1
251,Chester Sellers,odio.sagittis.semper@enimgravida.ca,40FACE20-DA88-6D2F-161D-FAEEA1732614,1
252,Charde Cannon,tincidunt.orci.quis@diam.ca,7320BD6B-028C-D3EF-98C1-936D6DA7A3C1,1
253,Maia Nelson,elit.elit@Etiam.co.uk,A2CA7EF3-D276-174E-FF21-92F09382CCCD,1
254,Vera Horne,magna@luctusetultrices.net,C501C706-90AF-AADB-2B4C-48B739A2D848,1
255,Jordan Navarro,Quisque.fringilla.euismod@egestasAliquam.edu,85C4C6A0-CB82-0FED-2A38-035E3998244F,1
256,Patrick Case,Phasellus.dolor@magnaSedeu.net,ED4A944E-E6E8-8033-ACF2-862E13A7C60B,1
257,Naida Rush,sapien.imperdiet@Donec.edu,6397927B-BB3F-CC74-39A2-FDA5AA12DE21,1
258,Caryn Hood,sem.Nulla.interdum@quismassaMauris.ca,82120BF7-E186-1E96-71CF-BB783CE52417,1
259,Preston Finch,gravida.molestie@veliteget.org,51561CED-AE82-F0DE-8DEF-85DA84B41019,1
260,Stella Hickman,augue@urna.ca,32B0C371-5BCD-25D1-92DC-C2BFEA2E45A7,1
261,Stuart Vang,elit@elit.ca,F9738415-C981-5BD3-5DE5-B9FB479DFE28,1
262,Maya Waller,urna@facilisisSuspendisse.com,459CF207-30BA-0830-C9F5-D21DED907CAB,1
263,Colleen Holcomb,dolor@malesuada.ca,2C41A06F-46CC-FB28-1676-28080C61658F,1
264,Aquila Sweeney,diam@sapienAeneanmassa.ca,AFFA2980-38FA-95B7-4C4D-6164389579F4,1
265,Inez Mcleod,hendrerit.a@laoreetlectusquis.co.uk,6B26780D-A2B5-4827-E1E4-C4366DD51729,1
266,Craig Walters,ullamcorper@ornare.com,FD4558CF-5752-E0F1-1BD4-83213FF79093,1
267,Shelby Morris,tempor.bibendum@atarcuVestibulum.ca,8E3CDD85-4F47-E099-0F12-265E15BBFC47,1
268,Dominique Nicholson,eleifend@Duis.net,0011E03D-55DB-EBD2-55D0-98DCC05B9FBE,1
269,Jerry Bonner,diam@etmalesuada.edu,7E0802A8-63E2-EAE0-0FE8-B90AA6BEE75E,1
270,Elton Duffy,sed.dolor.Fusce@enimSuspendisse.org,544C56F0-98E3-BDD8-7BC5-130162922286,1
271,Ina Kirkland,tempor.est.ac@lectus.ca,9383A3D8-356F-F8FC-2B10-63E926A02696,1
272,Wade Marshall,fames@euismod.org,A5DA404B-2606-A6DA-940A-C5BB7E971BD3,1
273,Sage Curry,Donec@maurisa.ca,E5F21B3F-6D54-8202-94B2-23D746A6D040,1
274,Cheryl Pacheco,Morbi.metus@sit.co.uk,FA351D80-1F4D-EAE1-3A85-C090969E8069,1
275,Quinlan Warner,tincidunt.orci@interdumNunc.net,8E8890C6-F663-F7FD-5A35-FC143F43E383,1
276,Slade Gilmore,non.arcu.Vivamus@convallisconvallis.edu,FB6220AD-E115-BE76-F0B9-9F91661B839D,1
277,Kim Woods,porttitor@acmattisvelit.net,80F9D105-5E10-70CE-CE5E-FEA3E9817ECC,1
278,Randall Schmidt,ut.erat.Sed@scelerisqueneque.com,F9AEFB6E-563F-1FFA-42E1-9FE79222A56F,1
279,Barclay Maddox,magnis@magna.org,D1461DB5-94F7-EEE4-4074-59FF676E5A87,1
280,Maggy Sanford,eleifend.Cras.sed@adlitoratorquent.edu,607F09DC-B7F3-97AA-62A4-AAE0F7C625C4,1
281,Dieter Duffy,in.dolor.Fusce@idantedictum.co.uk,0350356C-0E92-00D7-2732-37FFF1B17FEC,1
282,Baxter Donovan,quis.diam@enimcondimentum.com,5D4B3F94-4FCD-A03B-65DF-F053813D54CE,1
283,Sage Bond,Curabitur.consequat@in.co.uk,A0C881F4-A9E2-7D86-8D80-E931E2D06C03,1
284,Hayfa Wall,Phasellus.at.augue@dolor.ca,08E5C3DE-E706-4335-F1BB-A6C2191507EF,1
285,Joan Mann,sed.sem@arcuimperdiet.co.uk,CF63CD2C-C318-0F54-A227-E75FFB68E419,1
286,Calista Sellers,arcu@tristiquealiquetPhasellus.com,A4C20518-5DCF-FB55-14BC-EE57BDE955CC,1
287,Matthew Griffin,libero.Donec@sit.ca,E95C459B-1B03-8925-867D-57374FD376ED,1
288,Cheyenne Spence,eget@disparturientmontes.edu,4191C8FB-3FE5-B939-FFF6-5A69041FC521,1
289,Lee Mccray,eget.volutpat@maurissapien.org,ED329705-D813-B538-479D-1F64A6CE5A71,1
290,Ursa Strickland,a.dui.Cras@rutrum.edu,9F89FBCD-54E8-79D1-805D-FF11AEA45318,1
291,Cade Gilbert,Maecenas.iaculis@rutrumjustoPraesent.co.uk,447F5FAF-0D9B-E78B-696F-D926A0FFA42E,1
292,Octavia Haney,morbi@urna.ca,CBCF2600-5866-AAD1-6430-1F1FB9E0BCBC,1
293,Austin Foley,et.malesuada@aclibero.net,C52019AB-6F3E-1CFE-AE5B-750E1C7A3452,1
294,Malcolm Lucas,lacus@acmattissemper.com,93087A0E-A002-577E-BC30-AFEFEEAA9E3B,1
295,Lee Stark,eget.volutpat.ornare@nequeNullamnisl.net,64B59BD4-92F6-79B1-D643-4FB892DAFB8D,1
296,Charde Bradshaw,venenatis.lacus.Etiam@ut.net,734B7776-46B5-2424-4830-6EBBE7D70D87,1
297,Moses Shields,non.massa.non@magnatellus.ca,41B70D1C-1CBB-37CB-0325-AB87F16D5F94,1
298,Kyla Robles,sed.sem@lobortis.org,44561DBE-F3D5-3541-EE2F-24B5F1C28CF1,1
299,Ferdinand Castaneda,fermentum.metus@nislelementumpurus.edu,1FE444EE-9D85-D73B-F456-544978468468,1
300,Cassandra Mitchell,egestas.Fusce@rutrumjusto.edu,26D345BD-52B3-55CD-8CB9-7DF25DCB0BD5,1
301,Diana Barron,Curabitur@etrutrum.net,89771515-F6AF-CD8A-0EAF-58EDE9E1BF31,1
302,Craig Vaughn,enim@Donecnon.edu,2D615B69-D88E-64B7-6DD8-7E1108017A49,1
303,Tamekah Huber,feugiat.tellus@Suspendisse.org,6FE0E54A-F797-8DFC-8F66-2A2C118CADF6,1
304,Forrest Blair,ligula.eu@a.net,7A0FC7B9-2E5F-3916-F5EF-D7E7A28A1689,1
305,Cheryl Oliver,Pellentesque.ultricies.dignissim@hymenaeosMauris.edu,5290A917-C8DC-5AD9-ABD3-EBF6047E1E7A,1
306,Jerry Hale,et@Integersem.co.uk,7F654639-CB73-5199-BECE-C40AD26EAF6B,1
307,Zena Campbell,ipsum.leo.elementum@posuere.net,191273FF-6946-EA53-FA2A-7454581992A1,1
308,Cade Oneal,dictum.sapien@eleifendnec.edu,F05B6F30-787A-12F7-C007-2F9E47CA2779,1
309,Callum Vargas,tortor.nibh@vulputate.net,D135576F-DBC8-59CF-A54F-69CEBAE3EEEA,1
310,Dieter Douglas,lorem.ipsum.sodales@sem.edu,7E60CEA8-AFAD-DCAE-1091-94344AF5544D,1
311,Mohammad Salinas,fermentum.vel.mauris@auctor.net,0173569C-C75F-E057-8F80-E5B8D646200B,1
312,Gray Graham,felis.Donec@accumsaninterdumlibero.ca,F646A626-7842-5BF8-573A-5B37C95A6CCE,1
313,Keely Clayton,eu@aliquam.com,39A2F5F6-98F9-AF01-0D83-B1CC3DBA6036,1
314,Hakeem Barber,ut.ipsum.ac@sit.edu,8F62E7C6-4B09-3236-AA44-63C067079771,1
315,Alec Jensen,et.ultrices.posuere@nequesed.co.uk,9BAE85F7-357D-3600-16F5-E1660F3219C2,1
316,Noble Cherry,natoque@NullamenimSed.edu,FAC221B7-1391-9BCA-B0D1-0017DF53E62D,1
317,Tobias Petersen,elit.pharetra@idante.ca,FD83488B-D602-7C1B-BBC6-98A4D3C54A02,1
318,Lucian Whitley,sed@ipsum.com,9813DB46-B44E-AFED-8E66-1FD1BDEC9FD0,1
319,Wallace Townsend,risus.Duis@Utsemperpretium.ca,E839EA50-AB67-EE9A-83F4-D9BF15DDDA1D,1
320,Kelsie Oneil,sollicitudin.a.malesuada@velnislQuisque.com,5F0C256B-1EF8-96E0-AA63-356877ADC8D3,1
321,Denton Buckner,a.ultricies.adipiscing@dignissimlacus.com,C75CF468-D70F-1F30-B3FF-99286A72547B,1
322,Kadeem Barnes,erat@dignissimpharetra.co.uk,3ABB4F41-6664-73B1-4B6B-E52B3FD168B3,1
323,Jesse Blackburn,Duis@Crassed.ca,7D06EE09-82F0-FDCB-2859-757F45B27604,1
324,Hayley Hawkins,tincidunt@ipsum.ca,FF0EC63C-38DC-E188-E2B2-784AA50C0494,1
325,Paula Garcia,leo.Morbi.neque@enimsit.org,D5D9590D-EE9D-AA6C-6A62-54A088FD2567,1
326,Mercedes Workman,sodales.at.velit@Nunc.edu,53F53712-9D89-1526-AA46-544FD47AFB0E,1
327,Charity Armstrong,est.congue@duiquis.org,9980D72D-4097-885D-635C-225733159583,1
328,Giacomo Greene,Maecenas.ornare@diamvelarcu.com,8545F615-DAB9-10AF-F802-8B01E27C476E,1
329,Octavia Rich,Quisque.porttitor.eros@felisDonec.ca,E2D7D559-068B-5C10-0DED-1A8B5C848C8C,1
330,Ivor Boyle,penatibus.et.magnis@ac.org,215B0E2B-B5E5-5213-1C50-302EEA5AC903,1
331,Priscilla Short,posuere@Suspendissecommodotincidunt.ca,0C58AF50-08A4-B9F5-42A8-D284A9D8CA42,1
332,Camilla Rivera,vehicula.risus@enimSed.net,7555747F-9B1E-5785-17C0-FA59B56D2715,1
333,Barbara Lloyd,ullamcorper@orciUtsemper.org,AF6E680C-7C56-B2A9-EF29-8F1192993431,1
334,Stuart Weiss,malesuada@ipsum.com,E53E9D5A-EA91-9F18-9111-E773F3A6016A,1
335,Ralph Burris,placerat.Cras.dictum@hymenaeosMaurisut.com,10FA1F8D-1D18-4D0E-B59A-C16562058AC3,1
336,Melissa Morton,faucibus.ut@Mauris.ca,FAEE68A5-CB00-6014-866E-C55F9DEEA1B3,1
337,Idola Frederick,mus@nasceturridiculus.edu,864B7134-8075-4330-086A-527C1FCCA396,1
338,Louis Warner,Suspendisse@Nam.com,EB91708C-6D5E-5DE0-AFEF-25D8FFD03D3D,1
339,Uma Richards,parturient.montes.nascetur@eueleifend.net,A9F15ADD-9069-23A9-6434-01E6D6D4F6C1,1
340,Davis Maldonado,convallis@Aeneangravida.edu,7DE9A2A0-BF37-3D7C-621B-14CD797C2A07,1
341,Justin Hawkins,nec@urna.edu,EA8F50D3-36E0-36BC-5B90-A8B9FAB1F2A2,1
342,Inez Mathis,rhoncus.id@utcursusluctus.ca,C973B371-4467-F717-0CC9-883BA67EF9EF,1
343,Wanda Salinas,ut.eros@velitjusto.co.uk,D823CC4F-B85D-AD4F-D35A-BC262ADF3273,1
344,Hayfa Luna,Phasellus.nulla@bibendumfermentum.ca,1FD92037-F2A8-5D13-D9DD-399E88AA14F8,1
345,Victor Mason,ipsum.dolor.sit@ornarelectus.com,53F592F4-4D23-F19B-9122-B272CBC41DEE,1
346,Brett Juarez,metus@ultricesposuerecubilia.com,59F54A87-3790-E287-6D63-1951A928DD17,1
347,Magee Roberts,Donec.at.arcu@milacinia.co.uk,70854AF3-371D-319B-E950-90858F177D12,1
348,Baker David,nulla@tristiquepharetraQuisque.edu,17EDB89B-26F5-E959-F090-957490F9368E,1
349,Zelda Bowers,urna.suscipit@ut.ca,75DA4BCC-609C-EFCF-7A42-9820C238EE73,1
350,Kato Lott,aliquet@auguescelerisque.net,359B36EC-46B5-7343-4572-43B4C31975B2,1
351,Rogan Erickson,mus.Donec.dignissim@nonegestasa.edu,F5F428A1-8BCD-E58B-5EDD-1CED5CF227CB,1
352,Bevis Barber,nascetur.ridiculus.mus@lectus.com,EB29E99B-CCCF-752B-628F-B08A297EDF18,1
353,Keely Lee,non.magna.Nam@nibhenim.edu,FEBC3CE4-8BF1-AB2E-3D2A-9E459D889F1A,1
354,Boris Walker,Fusce.aliquet.magna@a.org,5EF7870B-D3D4-6A08-FF05-5D8E047F1650,1
355,Whitney Graves,fringilla@necorci.ca,E08DEA97-0A8B-49C5-FA44-119402D60E1D,1
356,Willow Mays,Proin.velit.Sed@auctorquis.co.uk,B152E684-2B3D-69D7-2094-4E0B5B82FF34,1
357,Demetria Ballard,vestibulum.massa@etmalesuadafames.org,50110E4B-63B7-8C5D-E970-FFFEA222C594,1
358,Demetrius Cotton,semper.cursus.Integer@sapienimperdietornare.org,87C698E4-B72E-C255-69B8-B068E18F801D,1
359,Heather Mckenzie,Nam.ac.nulla@nullaIntincidunt.ca,72756A08-797F-0635-B11C-F5CAFE77BB8C,1
360,Noel Terrell,ac@tristique.net,5DBD467F-F8B0-F290-76B6-FA925F5EB67C,1
361,Anthony Mcneil,Pellentesque.ut@Maecenasornareegestas.org,7DE331B1-CFED-4F2E-99BA-8D712B2C3590,1
362,Grady Lowe,dolor.Fusce.feugiat@Curae.net,F7888A78-1234-588D-CBF5-1CFA404D674C,1
363,Cara Pate,ultrices.a.auctor@rutrumeu.com,39E75DF5-CC2D-F22A-DB09-E26D1705D74D,1
364,Christopher Pickett,sit.amet.risus@necmollisvitae.com,63395249-F894-A957-3B66-60D8B9018D7A,1
365,Robin Burton,tristique.senectus@orcilobortisaugue.edu,32647489-C42C-49E2-896D-666312D93397,1
366,Cairo Padilla,Integer.vulputate@sapienAenean.edu,86D2179A-E430-9D9F-7160-B6758FF05579,1
367,Solomon Harmon,fringilla.ornare@faucibus.co.uk,55F461B6-2161-A03B-D84B-5DFFF5793B59,1
368,Steven Wiley,est@liberonec.org,4D0A7901-09FF-D06B-49D2-8DB681EC1D01,1
369,Clio James,enim@nec.net,E8978B34-4CE6-E5D2-6279-AB448A573E6C,1
370,Rowan Lindsay,ut@Sedcongue.org,98BACFF5-734D-7982-5D5A-398D1275A145,1
371,Jorden Lawrence,dui.augue.eu@amifringilla.org,ADC9CDAB-96E2-1555-8C6D-5FAA58B34042,1
372,Merrill Hines,magna.Ut.tincidunt@sociisnatoque.org,E1144E29-DE98-64D6-D7D5-DAF082995405,1
373,Sandra Spears,vel@molestiearcu.org,E522F56C-F195-862A-3C8A-7220E99BA678,1
374,Celeste Wolfe,aliquam.eros@ipsum.ca,BD2EA409-B997-DC44-AB35-11F30DF4D088,1
375,Norman Carter,ac.risus.Morbi@arcuetpede.com,50DAD8D5-1FAA-710C-6E7A-EC7509304681,1
376,Lunea Vang,mi.pede.nonummy@vitaedolor.com,A8889744-AD9F-6F58-742A-63B9AFBF8AA7,1
377,Ryan Hopkins,neque.vitae@ametdiam.org,C92E78D0-80AC-446F-3855-7EB32AA8D9A4,1
378,Yeo Fletcher,libero.Integer@sempererat.ca,3544745B-D73F-FA0C-5A60-B617DB9C88F1,1
379,Talon Dyer,Lorem@gravida.com,C23FB0A1-298E-86E8-C91B-6B07FD8EE2F9,1
380,Vivian Henson,nascetur@elitpharetraut.net,293B94B5-71F2-5518-E680-9564187EFA2E,1
381,August Lane,molestie.tortor.nibh@Etiamgravida.org,231575EF-6744-DE6C-B6F4-560172F8A40F,1
382,Joshua Ewing,lobortis.quam@miacmattis.net,134BA1C6-CD3A-8D27-123D-B6C09428928F,1
383,Abraham Sampson,metus.In.nec@sodaleselit.org,86A48615-158D-F081-FFD5-4203EB8E51C3,1
384,Stacey Hester,enim.Nunc@Aliquamtinciduntnunc.net,7929471D-D989-D842-902F-84E9A2CF8064,1
385,Nayda Harding,Duis.gravida.Praesent@Cumsociis.net,F3C910EE-8101-9129-BABF-C88F9A78E7D2,1
386,Christian Dillard,at.arcu.Vestibulum@vitaeorci.org,379C4EE1-C4A8-ED14-DF68-A31485F51F25,1
387,Summer Adkins,lacus.varius@justo.edu,79408E53-E710-AF74-E498-D06768FEA519,1
388,Guy Beard,consectetuer.adipiscing.elit@Fusce.edu,F6DC57D8-DBA1-1F35-C3A5-12B6D065648D,1
389,Selma Cabrera,mi@aauctornon.co.uk,D6791369-1DBE-ACA1-F635-AAA931431AFE,1
390,Elmo Landry,egestas.Sed.pharetra@velvulputate.com,BA22A328-866B-4240-A646-F23086E93726,1
391,Gage Petty,est.congue.a@sodalesMauris.co.uk,2C5FA93E-FC80-81D5-F1EC-0BF8FFF6C66F,1
392,Martha Wheeler,facilisis.Suspendisse@nonummyac.com,E6B2FD42-2BB9-2439-1CFA-F5055154DE10,1
393,Inez Cross,Duis.risus@ligulaconsectetuer.org,AE298743-D9BB-91B3-1D54-DE51270D878E,1
394,Wallace Buck,venenatis@loremtristiquealiquet.org,6B55BF28-ADB4-5115-12A8-E466F449E3A5,1
395,Orlando Robertson,eu.odio@augue.edu,72DDA94E-9480-232C-008B-B5DAB2B024EA,1
396,Brittany Tucker,ac.mattis@sed.com,6CCD0DD0-21D1-5BB9-0297-2091157E48FD,1
397,Eric Moses,Nullam.lobortis.quam@nibh.org,7161F074-A186-539B-258E-664678CEF6A4,1
398,Emma Buckner,morbi.tristique.senectus@pellentesque.ca,6B549C18-B1AA-F914-1360-2E064C63572C,1
399,Ursa Ayers,consectetuer@cursusvestibulumMauris.ca,EC362784-DCEF-0FBA-1ADB-354002CA526D,1
400,Orla King,amet.dapibus@fermentumfermentumarcu.ca,80F511C9-3255-55A3-06AB-D257999FCED1,1
401,Jonas Roy,et.ipsum.cursus@augue.com,FDAC719D-D76F-8095-5D50-82461EB382BE,1
402,Drew Hurst,nunc.ac@Nunclaoreet.edu,B0653DA0-62AD-4973-A3AF-ECECC2B35372,1
403,Colton Oconnor,id@pedeSuspendisse.co.uk,6A580D67-3D24-3A8A-B1FF-DC71D0C60FB9,1
404,Clark Thompson,sollicitudin.commodo.ipsum@Fuscealiquet.edu,3FB0CB6D-F2E3-2C28-CF9E-774580BF715F,1
405,Ulric Washington,orci.Phasellus.dapibus@amet.net,9C3FFC69-B390-4FD7-07D2-096D6068A65A,1
406,Lana Buckner,dui.Fusce@orcitinciduntadipiscing.org,3D3BCF4B-5472-A54F-251F-3345F7C78E5A,1
407,Amena Wynn,tellus.Suspendisse.sed@velitSedmalesuada.ca,CE7A273C-231E-6EB3-E772-F3704D96CE01,1
408,Daniel Bright,Duis@turpisnonenim.com,80A0432E-349D-A29B-4B83-529B0823DB98,1
409,Chadwick Saunders,orci@volutpatnunc.edu,D877AB3B-24AD-3AFA-E3A2-76C136BBBEAF,1
410,Sarah Torres,dignissim@necmalesuada.org,961D2D1E-9726-6D46-9993-7CE03FF3EE60,1
411,Xaviera Snow,Cras.convallis@dignissimMaecenas.com,200C53D3-6CF4-C0C7-2F2C-1391E61AB93E,1
412,Boris Velez,Nulla.eu.neque@molestiepharetranibh.co.uk,A0FA2F49-FACF-E644-786D-55FF64E79467,1
413,Jin Atkinson,Phasellus.dolor.elit@imperdietnon.net,B81588FC-D63D-E8D2-294B-06D8B140893E,1
414,Erin Day,scelerisque.neque.sed@dictum.org,CD6B397D-0778-45AA-57D8-1993678C4234,1
415,Talon Burke,sagittis.Duis.gravida@nuncQuisqueornare.net,F11A4900-7AEA-27CF-A045-BCDAFB85398D,1
416,Cole Vincent,mi@vitaeeratVivamus.org,A4045AA5-2AF6-AE84-515B-6502EB30DAB4,1
417,Xandra Hayes,risus.Morbi@purus.edu,EC05C76D-F637-AC67-E2C4-3D18D26B72F6,1
418,Timothy Valencia,mus.Aenean.eget@inlobortis.edu,5FA59186-63B3-0B89-159E-8B0E831869CA,1
419,Hamilton Wade,et.netus.et@libero.ca,517CA6C9-CB84-A732-E6F3-7731E82AF23F,1
420,Wynne Cole,feugiat@Mauris.org,2F391077-39E7-CDD4-90FF-CFBA7DA25FE3,1
421,Ulric Carr,feugiat.non@rhoncusNullamvelit.ca,4AAC2490-E45C-FF3E-A02C-71E8137C6374,1
422,Patrick Foley,mattis@idblanditat.net,9E08B16D-2DFA-4F34-D380-0639A4E346EF,1
423,Nola Mcmillan,dolor@diamnuncullamcorper.com,E39D2FC6-AFF7-C773-8AF1-E068F8EE4BF5,1
424,Edan Cook,Maecenas.iaculis.aliquet@rutrumlorem.org,9534DB45-7B67-B6FC-0550-6E0C7535F44D,1
425,Cally Benton,vestibulum.nec@id.edu,019185B7-33CD-052E-DBF6-E1E695524259,1
426,Melyssa Cotton,sagittis.augue@necluctusfelis.co.uk,D0C7FD61-F53C-4D1C-7743-3AA9D7E205F7,1
427,Lila Ayala,Pellentesque@amet.co.uk,7EFCDEDA-A9E8-E1BE-77E5-99DC6A7079F9,1
428,Yvonne Garner,malesuada.id.erat@eleifend.co.uk,6AFB1A8C-B8B7-06AD-8A0B-9B28D15604D8,1
429,Autumn Kaufman,Vivamus.molestie@turpis.com,F9FEE5D3-F76C-3D3E-1948-95831CF074A9,1
430,Drew Becker,at.arcu@loremluctus.com,EB1443E6-946C-69BD-EA8A-FF20F98F73D3,1
431,Pandora Mcmahon,consequat.purus@egestaslaciniaSed.com,2871DDA4-D5CB-49C6-0D34-0D2CF823CC60,1
432,Wyoming Mcmahon,elementum.dui.quis@Suspendissesed.co.uk,340D5823-A62C-6D30-8526-B6DD8F69025B,1
433,Thor Baird,euismod@velit.co.uk,A4B3CF91-212C-FEB7-DA5E-21BCB761C6F5,1
434,Judith Marquez,nec.tellus@a.org,A8CB87CF-B059-24FB-31B1-08DB1C28C3D9,1
435,Sage Mathews,Sed@eusem.com,CFBAAF27-053F-79E7-9909-EB01B48A5893,1
436,Germane Warren,scelerisque.neque@Maecenasornareegestas.org,C80A8563-8905-E386-E255-820F6E033ED0,1
437,Daphne Farmer,tellus.justo.sit@tinciduntorciquis.com,D98E067F-0147-678B-830C-C86AC110DC67,1
438,Mari Blackburn,auctor.nunc@velitinaliquet.co.uk,77F789F5-6956-EF2B-E1DA-17EEDA10332E,1
439,Craig Bolton,molestie.orci.tincidunt@quistristiqueac.ca,6A53B966-9038-578A-115D-FB34A4790FAF,1
440,Ezekiel Andrews,mi@loremut.net,54DD7DF5-3F77-1EED-E9E3-627B3DE1B7A3,1
441,Taylor Goff,Proin.velit@egetnisi.edu,A9E8809C-7A51-5E4D-319A-1BD3DEBCA3BE,1
442,Kenyon Callahan,Nullam.nisl.Maecenas@nibhvulputatemauris.ca,12DFB20F-1071-6053-AD51-3F406175355C,1
443,Maris Gilmore,elit.Aliquam.auctor@libero.ca,49389808-1DBC-15E8-F0C8-143E3C0F9837,1
444,Benedict Fowler,Fusce@diamPellentesque.edu,BB3C5CC4-A0C0-DB5E-BDF1-BCDAF648362E,1
445,Beck Miles,dignissim.magna.a@mattis.ca,8A46A297-5DC3-2595-6DE2-A37FFC874C37,1
446,Yvonne Benjamin,pellentesque@cursusnon.co.uk,08A20825-03BE-91F6-3089-22E30CE5B472,1
447,Kaitlin Salinas,euismod.ac.fermentum@libero.co.uk,DA6AEE80-74CE-C9FE-B9D7-46263674CAEE,1
448,Megan Valdez,risus.varius@Maurisvel.edu,3E1DBF45-F034-3199-FC66-6999C7170DBF,1
449,Timothy Wiley,Donec.elementum@enimSuspendissealiquet.org,DE6897E1-5188-0C46-F848-7FC529C473FE,1
450,Elizabeth Mcknight,In@ipsumacmi.co.uk,C9EC0F01-ECB9-9184-40A8-AFCBD58C69C5,1
451,Herrod Tyson,luctus.et@felis.edu,D758DBC0-55A2-60B3-815C-582325CAB4BA,1
452,Nell Cardenas,nulla@imperdietnecleo.ca,3D5F9CEE-7C11-4FF0-8D71-9366E76F7E90,1
453,Jonas Huffman,ligula.Aenean@blanditcongue.org,994E5420-4F3D-E58F-2996-967B00858348,1
454,Audra Beasley,enim.nec.tempus@acfermentum.com,BA8C5C3B-33F2-D168-0CF2-F030A7E136E6,1
455,Reed Mccormick,Donec@CuraePhasellusornare.edu,BFCBF4B4-9CCD-5961-6FA4-5996A19CE789,1
456,Barclay Hoover,sit.amet.diam@turpisAliquamadipiscing.org,045B59A8-6520-67EB-610C-F513419F389A,1
457,Chadwick Stuart,sapien.cursus.in@acliberonec.net,EB634FC7-CA7A-EA00-BF36-C21A7CA98E35,1
458,Priscilla Cohen,egestas@Sed.co.uk,C6499C34-0D5B-0D48-9FDD-F7925DCFE90D,1
459,Rama Calhoun,sed.pede@lorem.ca,AC8EFB0B-F8AB-9E83-B55F-85F6EF2434B1,1
460,Shad Noble,fermentum@Morbi.edu,D5B363E9-A800-EDF9-B027-2F8DD3CC0D8E,1
461,Leonard York,lacus@necanteMaecenas.edu,A44B4180-3DFD-18A1-5352-4F9076264F50,1
462,Clark Branch,nascetur.ridiculus.mus@augue.com,9D6930CE-DB62-A73B-9729-5C6708E4803E,1
463,Victoria Delgado,eget.ipsum.Suspendisse@porttitortellusnon.com,DAB0BD25-0757-1C47-49B5-18F71FA3C299,1
464,Ian Reyes,et.netus.et@dolorFuscefeugiat.ca,ABDD00A4-DA9E-5C13-3C39-5564EF13E5A9,1
465,Hermione Alexander,Cum@arcuCurabiturut.co.uk,6D9E5850-18A2-7BFB-2353-704D463C02C8,1
466,Cleo Joyner,in.dolor@eget.edu,82B9330E-74A4-599C-3F39-E2FF56B1FF60,1
467,Keelie Pope,mollis@Praesent.com,7A8A2C6A-EDE3-A611-D259-96D4A7F8699B,1
468,Amery Madden,mauris@auctorvitae.net,D27AE9B3-0E7E-65EE-35E0-86F668BEB6CA,1
469,Harding Forbes,tempus@acrisusMorbi.co.uk,1C243390-0142-0286-7C32-29C04F8987EC,1
470,Chelsea Lambert,eleifend.vitae.erat@Vivamus.co.uk,824759C4-C1EB-07FD-4FC5-5951EC77A648,1
471,Edan Chase,faucibus@pretiumaliquetmetus.co.uk,508AD9D1-A31B-1AF6-2729-A01971121C4F,1
472,Raya Charles,iaculis.quis.pede@Aeneanmassa.edu,A6CF42E5-FED6-C35F-5B1F-A97016066B3B,1
473,Cairo Sharp,Aenean@nequeseddictum.org,FA4A22D8-0C70-D2CB-3118-E0D1A5BE2397,1
474,Vincent Moon,elit.sed.consequat@sedfacilisis.com,FCB21C12-7A7E-D60B-CB2B-30654D98016C,1
475,Bethany Landry,Quisque.ornare.tortor@Donecnibh.com,36242B01-1D16-CA31-D3BE-F8998CD7B1AD,1
476,Stacey Ellis,fermentum.metus@Inscelerisquescelerisque.org,D032E524-6AEB-ED1A-4137-7CF8EEA458EC,1
477,September Harrington,Suspendisse.eleifend@diamSed.ca,6473AFB9-A007-81C6-1D9A-BABCAD1C2213,1
478,Quinlan Noel,lectus.rutrum.urna@Phasellus.net,002D0CB3-91A9-64CA-3D15-BA562E0AAC47,1
479,Rhona Guerra,est.Nunc@congue.org,520CD11B-049A-F4BE-AC63-B0D58A1F1939,1
480,Nehru Whitley,orci.luctus.et@laoreetlectusquis.com,C9F14D1E-A3A1-EA7E-051D-CA9F04E3303D,1
481,Fatima Chaney,id@fermentummetus.com,3379410A-A608-5E46-F2EE-65C4D2AA5023,1
482,Maxwell Lester,gravida.Aliquam.tincidunt@cursusdiamat.edu,19DC283F-D547-7C83-A04E-19AAFD7A891F,1
483,Silas Hayes,Cum.sociis.natoque@lectus.ca,B1529A61-E62E-4C8F-FEFD-8F964818D98B,1
484,Dennis Bonner,pharetra.Nam.ac@eutellus.net,6224A436-D009-6806-BF1F-7E44302B2D0D,1
485,Harding Sears,ipsum.Suspendisse@maurisMorbi.net,66D1C428-4759-6B2B-F30E-8CBC396B4A5B,1
486,Fitzgerald Downs,neque@malesuadavel.co.uk,E98A2F7B-C859-348F-56A2-B5D3C9D87CE0,1
487,Duncan Foreman,molestie@tellusAenean.edu,29A21E38-AAAF-9F0A-52DD-2E915AFD653C,1
488,Deborah Herman,velit@ligulaNullam.org,633BE1C5-53CF-9A93-63B9-C73403A00510,1
489,Amery Mccray,Mauris.ut.quam@arcuSed.com,C15E3CA3-D9CC-2DFC-C4C2-F92AFBEC6317,1
490,Alea Hull,ipsum.primis.in@atfringilla.com,A469E71F-E33C-DA4B-E0FE-1399919A5FC3,1
491,Kirk Snow,Quisque.libero.lacus@eratvitaerisus.edu,BC8A7743-4747-1411-C7D4-A6876C3D4C80,1
492,Ursa Holman,consequat@intempuseu.net,D2B048E3-1ABD-6F61-8D6B-5258451AA338,1
493,Eric Fischer,euismod.et.commodo@semper.net,59BC5B38-3D1E-733F-3A7A-BCECB3B59FB0,1
494,Genevieve Mejia,urna.Nunc@luctus.com,70DED186-40D3-B878-653E-736BFD1D9E3B,1
495,Edward Suarez,egestas.blandit.Nam@Pellentesquehabitant.edu,B505CAD4-61AF-3652-E910-EE1C3E37F128,1
496,Benedict Francis,iaculis.aliquet.diam@placeratCrasdictum.com,AF36DD37-9713-24AC-ECB2-8C8CDD2E8C15,1
497,Briar Wolfe,Morbi@idanteNunc.net,B7CB8029-5350-5B3E-C9B1-FCA66CE2C592,1
498,Montana Macdonald,libero.Donec.consectetuer@quisdiam.co.uk,5D5F865B-2A29-DAA0-2B15-D266708D89F3,1
499,Destiny Benson,Quisque@Sed.co.uk,6B277471-230B-F81B-842F-B250CD679F12,1
500,Kieran Mcfadden,Aliquam.erat@nonluctussit.org,815D4F08-6437-FD33-C52D-1B44AC07CF70,1
501,Fleur Baker,Cum.sociis@egestas.edu,54DC1C1B-C969-793F-031D-42DC871467C6,1
502,Lee Griffin,mus@uterosnon.edu,3C396889-D775-9877-C21E-04159F05BC4E,1
503,Roary Dean,vulputate@massaInteger.com,D214D0D5-B28F-8A46-80E1-C10C29B1DB0B,1
504,Arthur Maldonado,mauris.ut.mi@sagittislobortis.co.uk,DC8FEBEF-66A8-9636-EC64-3326933C9ED8,1
505,Regan Sexton,netus.et@tempusnon.co.uk,5A568A53-0ECF-398D-7D89-D01D4D728EE3,1
506,Cheyenne Yates,fermentum.vel@pharetra.edu,AB8BD332-0DBB-D803-B6E0-37D503BE3113,1
507,Cooper Mcgee,senectus@Aeneanegestashendrerit.com,7CD797D9-990C-BB47-314E-8C8593576C3F,1
508,Amir Shaffer,sem.magna@Nunc.net,C03A1F6B-BF40-E76E-7BBF-4CA84150F955,1
509,John Fuller,luctus.Curabitur@posuere.org,63740EEF-D9BD-E8A6-9D77-C1AA59532245,1
510,Pascale Livingston,diam@pede.net,6EF76CB5-2634-0D16-10E7-1102AAD0DE2B,1
511,Idola Buckley,Integer.id.magna@Etiamimperdietdictum.edu,6530727F-F30F-AA3B-205F-B0B15DACE7A1,1
512,Bianca Brock,porttitor.eros@magnaSed.edu,C3EF130A-5BBF-B56D-6DF5-F5A0C37A1525,1
513,Malik Lawrence,montes.nascetur.ridiculus@vestibulum.com,6FAE546F-3B39-308A-D473-3A50F5326536,1
514,Kameko Bishop,in@nunc.ca,647A24C7-FAE5-28AC-4F0E-C483F6517ACC,1
515,Edward George,fames.ac.turpis@Integervulputate.ca,9103E5BD-A9CC-8636-DB7D-C0C2690273B7,1
516,Ebony Mccoy,imperdiet.dictum@nec.net,796E58B2-B068-E5D4-CA1A-955C579CBFFD,1
517,Thor Gregory,sapien.Cras@eu.net,6A2F2429-1ED2-BCA7-F31D-EDDF85E3558A,1
518,May Harris,a.felis@ut.co.uk,F46E7B0B-7871-F44A-AD8B-CBB72E153FDD,1
519,Alexander Justice,est.ac.facilisis@nonleoVivamus.net,E1C4F7C4-0E84-B451-F34A-9ED4296A79E0,1
520,Warren Harper,scelerisque@imperdiet.ca,4744FC05-6280-70C7-0E0C-F96058613865,1
521,Jana Odonnell,eros.nec@magnaa.co.uk,496F12A7-52D7-5AD4-A0A4-BA4B7D7DA7D4,1
522,Grace Sweet,urna.Nullam.lobortis@neque.co.uk,C3D25878-382D-E09D-BCCF-559332F9F3C8,1
523,Clarke Meyer,Duis.gravida@ridiculusmus.edu,B32B67A3-629B-BECF-6221-933A2C97D90E,1
524,Dora Fields,dui.lectus@neque.co.uk,C09ABE54-9B86-02CD-17DC-ADED9A8E4B04,1
525,Drake Smith,risus@quam.edu,E0866E22-E979-9B9D-1271-AF931EC778B1,1
526,Chaney Craft,velit.Pellentesque.ultricies@Cum.org,6F4393D6-E1AC-E737-F050-85ACB4642936,1
527,Phyllis Tate,purus.mauris@utmiDuis.org,1F90E3DA-8870-1254-6955-BB726D2399B9,1
528,Lilah Barry,pede.malesuada@odioNaminterdum.co.uk,A4CAAEAF-7902-4792-C766-182608B8D4BE,1
529,Zephania Reid,libero@eueratsemper.org,246A519E-F571-FCB4-497B-331C55C402AF,1
530,Addison Jefferson,sagittis@velitSedmalesuada.com,1DB76AC8-8F35-CCC5-DE16-25F15701BCB9,1
531,Sasha Harris,lacinia.Sed.congue@placerat.com,A731AF90-805D-D2A4-2F18-0BF9B0A356F8,1
532,Baxter Morton,Proin.vel@eleifend.edu,83CB5EA7-9DA5-6F33-CDD4-11F78B6AB17C,1
533,Daphne Cobb,ac.risus@necmauris.com,9A74B37A-36E8-F7C7-3B78-1E09A19B2CB8,1
534,Stacy Nicholson,mi.pede.nonummy@nonummy.com,AC86B8C1-2EB5-F1DA-32A1-B6CA005F6B49,1
535,Jeremy Clayton,accumsan@nisimagnased.org,28316FE6-8257-EF7C-C399-39B3DB80B5B1,1
536,Rowan Howell,sollicitudin@eros.org,616BFAC4-4425-7E41-6EA0-B369314FAC06,1
537,Joy Brock,mattis.ornare@luctusipsumleo.ca,0856BC93-BE14-79C5-848F-E18E246A6CB1,1
538,Hu Mccormick,tempor@aliquam.ca,BB490CB2-B227-FE2D-2D99-8FCEC5920FBB,1
539,Grace Lynn,sed.sem.egestas@Donec.org,4AAB7337-4260-CA5C-F882-5B38DD362684,1
540,Olga Stevens,eu@aliquet.co.uk,E27B63D3-6518-1AA3-0635-E7D272466ACD,1
541,Gwendolyn Walls,vestibulum.neque.sed@erat.com,7C9388F0-048E-553D-A330-2FC2F7DA8005,1
542,Holmes Bishop,posuere.vulputate@quamPellentesquehabitant.com,E50F8283-F775-5F84-AB08-47B607A1F2BE,1
543,Lareina Bender,nec@Donecsollicitudinadipiscing.com,9DCE3994-C667-0DDA-A116-FD60D22DFE38,1
544,Cora Harding,dolor.vitae@Proinsed.net,D81EC102-B72B-4B89-86AD-B37E501692DE,1
545,Chastity Wiley,ullamcorper.eu@Curabitur.com,E797347E-FDE6-51EF-B428-265DF1428317,1
546,Leilani Spears,Fusce@FuscemollisDuis.org,3C19A711-17B0-21D8-4859-6B71B6AB5E6C,1
547,Ethan Bailey,imperdiet@turpisNulla.net,B34BA0BF-56FF-74FD-D556-5E7B3EE2D04A,1
548,Ethan Fernandez,Aenean.euismod.mauris@venenatis.net,EA8EDE5D-71A2-755E-906E-80D2335D638C,1
549,Inga York,amet@acrisus.edu,F0A8510F-DE80-ECC0-D791-2885EF1C5F08,1
550,Alan Massey,Cras.dolor@InfaucibusMorbi.co.uk,D427B7F0-C014-0003-69C2-7428535D6537,1
551,Winter Lyons,quam.Curabitur@aliquetnecimperdiet.edu,D3E0135E-D79D-21F3-2B10-13A9C2D41EDE,1
552,Rae Burns,Aliquam.adipiscing.lobortis@ultrices.edu,BFA5CDF1-53E5-F4C8-BEA2-6F1364D49A93,1
553,Ross Tillman,eu@lectus.co.uk,3A012F21-F0A4-4192-7CFF-45DD064DDB46,1
554,Gray Faulkner,at@Nunclaoreet.com,FF2A5AED-F90F-4E92-9F40-731C1D8A95B3,1
555,McKenzie Mosley,Aliquam.adipiscing.lobortis@ornaresagittisfelis.co.uk,B7781AA7-74F0-7DC4-8C02-B29E7C974A0B,1
556,Germane Mcmillan,rutrum.lorem@nonloremvitae.net,85F1FB22-5EFF-929A-947B-CA85E39903D9,1
557,Dante Cleveland,Duis.mi.enim@enim.ca,14317EDE-1349-59FC-76BB-7C4FF8BABC16,1
558,Thor Lowery,molestie.dapibus@utpellentesque.com,4AE3F483-81EE-E1F6-5E1D-E4EFA4516D2F,1
559,Allegra Soto,aliquam@quis.org,77B95559-1A32-B308-49FF-CBAA7E45D02B,1
560,Ruth Mcbride,parturient@vulputate.com,363E99EC-B8AA-99FC-2326-0036FB5AB5EF,1
561,Ian Kent,facilisis@egestas.com,84C38647-5011-9941-CB7D-F395D7163E0B,1
562,Melodie Smith,eget.metus@turpis.co.uk,9B4CED19-1D7E-D448-5015-9A51ADC3BFDA,1
563,Wesley Estes,eget.metus.In@tellusidnunc.ca,7A23D230-0A95-52A7-BE72-6EC1EBD1CBF0,1
564,Meredith Payne,auctor.vitae@sedlibero.org,D22357F9-055B-00FB-A437-AEEB1B9B3F90,1
565,Lucian Buck,sit.amet@adipiscingenimmi.edu,6FE74008-A887-26BA-3970-C2CBBD28D28A,1
566,Helen Sykes,sed.pede.nec@dolorFusce.co.uk,5E37CC9D-C88D-22F3-790A-5D9A2046AC63,1
567,Maia Henderson,Etiam.imperdiet@eratvitaerisus.edu,2D548FA3-75F3-A20C-1235-659962624DAC,1
568,Octavius Le,ac.nulla.In@nisi.com,19D48802-1F41-6D56-2112-75AE0C275690,1
569,Adrian Prince,feugiat.placerat@sem.org,F4C9C9F6-FF5D-F3A4-0DF7-BD6561E8F4CD,1
570,Levi Henson,non.lobortis@orciluctuset.net,23013D49-1986-A15F-0280-FADACF5B886C,1
571,Tyler Pittman,non.enim.Mauris@Quisque.net,4EBAB006-66FA-AAFC-4CE9-7F2E9118BA8C,1
572,Taylor Woodard,justo@volutpatornare.com,ACCA57CB-3080-11BF-A346-D07C0A278732,1
573,Ifeoma Ball,semper@elitNullafacilisi.org,AD465677-AA39-D207-9603-8F52EF1AAE7E,1
574,Cadman Decker,odio@Donec.org,E4C27338-1F7E-71D1-F540-B09B8C399072,1
575,Dolan Benton,Cum.sociis.natoque@Phasellus.net,811E9FAF-C2DB-DA6E-9B83-04B0C69DD0F7,1
576,Freya Ramos,natoque.penatibus@atarcu.com,E4D5C03A-A1A5-350B-C529-CA60F7B2DF3A,1
577,Oprah Clements,metus.In.lorem@urnajustofaucibus.org,D9A3C6A9-4558-5DD3-D96A-E54800069521,1
578,Meghan Woods,In@antelectusconvallis.com,B0475454-126F-C7B1-A724-350D0315F17E,1
579,Taylor Velasquez,rutrum.Fusce.dolor@Donecfringilla.edu,A389BD15-B7AB-0B9F-3E32-CABC0F547FA6,1
580,Garth Morin,convallis.est.vitae@velarcuCurabitur.edu,C75104F1-51A0-4869-CDE6-1AD93951058D,1
581,Alma Sullivan,dui.lectus@idsapienCras.edu,E62649D2-0591-E57A-124C-BEFC0385F045,1
582,Mariko Daugherty,gravida.non@dolortempus.edu,0E68165A-CF67-3FC3-B3E7-C43DEC71BD9F,1
583,Dennis Glenn,Etiam@tincidunt.edu,2F009390-B3A1-12E0-2BE6-8523CECA92CD,1
584,Eric Jordan,tempor.arcu.Vestibulum@enimEtiamimperdiet.edu,77D1AB91-DFB5-0509-54ED-E81F41E3C927,1
585,Zachary Horton,Aliquam.gravida.mauris@nequeseddictum.ca,2A7121DE-8559-16E6-7A18-B84E409408F5,1
586,Noah Velez,egestas.urna.justo@scelerisqueneque.org,C69DE972-C356-593E-7237-2B05AFB3E990,1
587,Kuame Gomez,Duis.sit.amet@acfacilisis.net,B9CA1367-6410-68D3-2A8E-4ED0225B6197,1
588,Emerald Lancaster,vitae@odioapurus.co.uk,3F498F35-A02B-A9FC-A34B-CA1CE30C0C45,1
589,Orson Whitley,malesuada@tellussemmollis.ca,20980DC6-08D0-9BEC-225B-F0B1CE6C370F,1
590,Nathaniel Hatfield,risus.Duis.a@tellus.co.uk,9BE76564-B1CC-91A7-737B-C4884CD92659,1
591,Hunter Harding,dui@sitametmassa.ca,7B8A36C7-8B64-4478-BEF6-C9BE30762181,1
592,Guinevere Hunt,non.luctus@duiquisaccumsan.org,9A909BCC-D604-EEB1-494D-79A35ABC6C24,1
593,Kibo Patel,arcu.Vestibulum@eratnequenon.ca,0541E84F-B7CD-8818-57E9-889A54471BF8,1
594,Damon Dotson,dictum.sapien.Aenean@sitamet.org,3AB9C45C-8DB4-2D0F-4DEB-007BCD5BA030,1
595,Dante Burton,convallis@disparturient.com,5E91469A-8AE4-FBA0-4B9D-C45FDBA774C0,1
596,Nyssa Hoffman,mi@nuncac.edu,2B44E000-4238-757C-A9EC-D1E11B3D6D83,1
597,Cole Owens,non.enim.Mauris@magnaNamligula.org,ACBA50EB-A542-2203-A794-959D115DADAA,1
598,Leigh Phelps,risus.at@vitaesemper.co.uk,CDCC7771-44E2-F612-FFD9-AAAF8B43ED58,1
599,Kelsie Stout,sem@et.edu,B8B3B269-FEF3-E040-2FE9-0753C11E1493,1
600,Macey Patterson,Vivamus.euismod@Seddiamlorem.net,65745351-4A83-DDA5-80E5-F056560F72BF,1
601,Kirby Gomez,vitae@natoquepenatibuset.co.uk,70BDA9BC-39FA-B1DC-CC97-DF982FFB28CD,1
602,Jeremy Shaffer,penatibus@Integer.org,C872B8D1-CBB1-F373-7257-9C07E64145FC,1
603,Dane Nieves,elit.dictum.eu@sedlibero.org,67F3DC45-E49C-72F2-632A-56E4C5A91C5B,1
604,Mark Malone,natoque.penatibus@est.co.uk,BF1862C6-6A74-4CC8-6CB0-DF7108AA50D7,1
605,Kelsey Ryan,ipsum.dolor.sit@purusNullam.com,903ECE21-88A0-12BC-9A4C-1C1D9CB211F0,1
606,Bradley Mcclain,natoque@lobortis.org,0EF63A55-3632-28D2-B64A-9C0D12F82490,1
607,Liberty Suarez,iaculis@tristiquealiquetPhasellus.ca,1B074C12-EB8B-EA05-0DE5-0F4C86CAE5AB,1
608,Tanek Lindsey,Aliquam@Maurisblandit.net,CED05B37-DB2F-8199-29EE-EF74AC9BEC29,1
609,Mark Macdonald,metus.Aliquam@ornare.co.uk,88D8D632-12B4-6AE2-CD90-EC6CE2CDBF77,1
610,Zane Howard,odio.a.purus@urna.co.uk,523BBB54-04D1-C374-13D4-EFEC7646E286,1
611,Carson Wooten,facilisi@sitametconsectetuer.org,AE32436D-0AE5-F9C2-1E08-5A3F17F4EF4A,1
612,Liberty Williams,turpis.In@nostraper.net,36976BE0-E4E5-E624-FBE9-26A5F2032A24,1
613,Quinn Ramirez,eu@ataugueid.ca,F04AB770-C7AE-E9C0-2C8A-75A3B0D46D29,1
614,Dominique Malone,aptent.taciti@nunc.com,9761916B-0EDF-EDD8-33C1-334A66C22D4A,1
615,Zoe Mcdonald,tempor.diam.dictum@sociosquad.co.uk,F9C137EA-8EFD-512B-8529-BC2489966E00,1
616,Jonah Lowe,neque.sed.sem@sedpede.edu,1714ECAA-97F7-EECE-C20F-02786BC56358,1
617,Thomas Emerson,ridiculus.mus@vulputate.com,DEF9494A-A1C2-0685-CF57-08D4900DB99A,1
618,Quemby Turner,In.nec@Aliquameratvolutpat.com,995A739C-2F8A-C68B-1C42-33F58B73B9B5,1
619,Nita Banks,Donec.sollicitudin@Etiamlaoreetlibero.ca,6A068E9E-AD4B-99FB-05BF-C4C5112A258E,1
620,Cassidy Graves,Nullam.ut.nisi@Maecenaslibero.edu,60573174-875D-7DFA-EB10-87C027030B9E,1
621,Kitra Barry,dis.parturient@consequat.ca,1CB50259-934C-D1D1-B9AA-AFD1506B3511,1
622,Kuame Parrish,sed.pede@anteMaecenas.net,9BDA6FBD-47A6-1EE4-02AC-F288C2D6122A,1
623,Abel Vega,felis.orci.adipiscing@enimnislelementum.org,B0BB6E7F-8D17-6B3F-B7EF-FFBC455D4988,1
624,Petra Reyes,Nulla.eu@diameudolor.ca,1945F145-0534-BC41-054E-E31D32BE1636,1
625,Akeem Burks,Nunc.mauris@auctorvelit.ca,B0C31241-2C2B-0C39-C35A-A2487707C065,1
626,Maxine Sandoval,Proin.vel.arcu@mienim.org,9C958153-13A9-2947-4714-679E8384562B,1
627,Sylvester Finch,eu.enim@turpis.co.uk,191DCAD7-476C-91C5-0B38-2C30520CB0E9,1
628,Fallon Haynes,nisi.magna.sed@Aeneanegetmagna.edu,B8086379-EA57-FFBD-E5B3-906866253CDD,1
629,Maite Decker,Etiam.ligula@natoquepenatibus.co.uk,C5F7B627-F84A-A800-0BD0-59E427861E89,1
630,Anthony Craft,a@magnaCras.edu,3751479A-D997-D335-7643-5612D786E775,1
631,Patience Crawford,erat.Sed.nunc@sitamet.net,2CED9D26-E744-F7F1-4FB9-5F47A5715186,1
632,Autumn Love,erat.eget.tincidunt@ligula.org,ABD67433-8232-5E61-3F17-9DC1CEE8A304,1
633,Benjamin Myers,eu.tellus@pulvinararcuet.ca,C8B85460-2D63-EE6D-A8B9-1A6DA9B57179,1
634,Dorian Coffey,congue@Fuscefermentumfermentum.edu,C6E538FB-6C76-D29D-0DCE-78EE163D62F3,1
635,Nolan Nolan,erat@nectempusscelerisque.ca,952F7B4B-9E0B-CA14-F40C-49D950C2C12B,1
636,Camilla Lucas,Integer.mollis@mattis.org,534A81C1-3046-2DBE-AC02-4EE08DEE7528,1
637,Prescott Fowler,Donec@malesuadavelconvallis.org,C13AA6A3-DF2C-BA21-5A4C-26DD53CD51E8,1
638,Maya Guerra,sagittis.augue@nislsem.edu,953AE87B-96C2-5DE8-57DE-94B4A32FAFAD,1
639,Devin Tyler,faucibus.lectus@faucibusleoin.ca,A41DF1A6-A106-8595-F05E-025D7F76C492,1
640,Alice Stout,Aliquam.adipiscing.lobortis@urna.org,60E77262-47D8-8097-D185-F6C114384ECD,1
641,Sacha Haley,Nulla@mauris.ca,F1832C1E-092F-1497-E3D2-D663DF6FECBF,1
642,Rylee Cohen,dolor.elit@idenim.org,CBFF9D4B-DCD3-1285-BDFB-5EB39611C6A0,1
643,Fredericka Finch,adipiscing@ullamcorpervelitin.ca,40DF747E-71D4-F785-603A-72AAC8F12D4A,1
644,Dorian Bruce,Aliquam.tincidunt@atpedeCras.edu,C645F647-BF22-C7E8-EF1A-F3C1868C5AB5,1
645,Colleen Pena,nec@nisiaodio.org,93ED2594-E5DE-53FA-6C5F-FD87644C4560,1
646,Frances Ayers,felis.purus.ac@scelerisquemollis.net,711783F2-3FB3-7DD4-8C12-88953ADE8DFC,1
647,Maya Acevedo,enim.diam.vel@lacusAliquam.com,219658C4-3A0F-E7BE-8FB5-CE577975FDCB,1
648,Sylvester Taylor,nostra.per@magnisdis.co.uk,65F6D734-ECA8-F529-709E-7BD5BBA2515E,1
649,Emery Murray,auctor.quis.tristique@enimnonnisi.org,E43E50F3-97A2-6B67-53C1-7FDFDAD9383E,1
650,Stephen Reid,vestibulum.Mauris@nullaante.ca,3C6F3E68-F6BA-2B48-0397-2053D23FEA62,1
651,Xavier Castaneda,ac.urna.Ut@etnetuset.org,061B6165-9FC4-F6A2-11AF-89C59D8F9391,1
652,Perry Berger,In.scelerisque@scelerisque.com,B4B041D8-BB4E-19D2-DAB3-513BBE3A7DFD,1
653,MacKenzie Hatfield,velit.justo.nec@Utnec.co.uk,41FDC9E2-9632-F3CA-AF56-3F17CAB64CDC,1
654,Eliana Huber,Curabitur.egestas@tincidunt.co.uk,8F7DCE21-2682-365A-B183-23B58C00CBBB,1
655,Kyla Lamb,eros.nec.tellus@duiSuspendisseac.co.uk,698A0335-DF07-2C7A-84BD-84C226010DE4,1
656,Tanisha Guzman,lorem.fringilla@natoquepenatibuset.net,52D796B7-679E-E8E3-F660-524331A7B7FE,1
657,Lee Garza,aliquet@dictumProin.co.uk,1F516246-4530-A03B-AF9E-BCF92685ED88,1
658,Miranda Sherman,Vivamus.nisi.Mauris@felis.net,3922E306-38AF-F479-E451-8CB50E394136,1
659,Kylan Stanton,purus@ipsumDonecsollicitudin.co.uk,9ED384A1-9DCE-F5CD-443D-A9C10A9D4017,1
660,Robert Blanchard,imperdiet.dictum.magna@necanteMaecenas.com,F64EC7FA-C139-AE63-ABBA-DF5AA8CBCA14,1
661,Lilah Banks,eu@imperdieterat.com,BFF6B2FF-FC00-FCE6-4F6B-E0508C29CAB1,1
662,Gil Contreras,rutrum@diamatpretium.ca,CE3AF390-1CE5-B3D6-7F1D-C54CA3AD575E,1
663,Sade Owen,amet.ultricies@arcuimperdietullamcorper.org,4D86ABFD-8C09-32A9-81A0-2B95CBD24A73,1
664,Cade Frost,purus.sapien@nulla.org,E9AD71AF-C413-36D1-05A3-451714ED72BA,1
665,Samson Bates,montes.nascetur.ridiculus@blanditatnisi.org,EA95D9AD-6B14-8B3B-92A6-DDB885FA931E,1
666,Sophia Bradshaw,sit.amet@Lorem.edu,5A569A59-EB13-500E-D34E-554943AA8613,1
667,Igor Gates,eget.lacus@congue.co.uk,D2A902E6-5BD4-F1DC-462E-469308EF4105,1
668,Blake Davis,eu@Nullamscelerisque.co.uk,B6F2BF63-DBAA-1743-A310-1BFF2A13DCAE,1
